insert into "user" ("email", "endDate", "firstName", "hireDate", "id", "lastName", "matricule", "password", "photo", "role", "status", "username") values ('salima.ahmed@wifakbank.com', '2026-01-16', 'Salima', '2022-01-09', 62, 'ahmed', 'WB123456', '$2b$10$4qa27v2rdcnFrar13wsTb.6QkWHPiXCylEXNk9qc/zDJ4wxqc/VRm', '/uploads/photos/1737627886209-533950716.jpg', 'INFRA', 'EN_ATTENTE', 'salima');
insert into "user" ("email", "endDate", "firstName", "hireDate", "id", "lastName", "matricule", "password", "photo", "role", "status", "username") values ('mouhamed.merai@wifakbank.com', '2025-01-15', 'mouhamed', '2024-01-15', 63, 'meraie', 'WB123457', '$2b$10$nCXYpNFEUACh0GzBQLhuJOLamKsSv17xtFYObKx5nRGZjYf2bHlzy', '/uploads/photos/1737644759610-598081246.jpg', 'DEVELOPPER', 'EN_ATTENTE', 'mouhamed nour');
insert into "user" ("email", "endDate", "firstName", "hireDate", "id", "lastName", "matricule", "password", "photo", "role", "status", "username") values ('adem.nssir@gmail.com', '2022-01-18', 'adem', '2025-01-18', 66, 'nsir', 'WB123459', '$2b$10$jdqvHhsb5vTWOFEOEZm60.LtzP4Vz0iRc4l8cA0XvLMiGGWt..a1q', '/uploads/photos/1738018473132-214416921.png', 'DEVELOPPER', 'EN_ATTENTE', 'adem nsir');
insert into "user" ("email", "endDate", "firstName", "hireDate", "id", "lastName", "matricule", "password", "photo", "role", "status", "username") values ('marwen.ouersighni@wifakbank.com', '2026-02-15', 'marwen', '2025-02-15', 67, 'ouersighni', 'WB123460', '$2b$10$CSOLvC4YKusD6A.E1GyD/.jjz8SiHWLYjY.cJXRKJCt/6r2eJGgfi', '/uploads/photos/1738051150663-489998047.jpg', 'INFRA', 'EN_ATTENTE', 'marwen');
insert into "user" ("email", "endDate", "firstName", "hireDate", "id", "lastName", "matricule", "password", "photo", "role", "status", "username") values ('oumayma.darraji@wifakbank.com', '2027-02-13', 'oumayma', '2025-02-13', 68, 'darraji', 'WB123461', '$2b$10$XJkS0.ediui8ozZ3hAZ3yO9tIQatoorkHdQylib79CHDk.WI0LDyy', '/uploads/photos/1738051498245-802648599.jpg', 'DEVELOPPER', 'EN_ATTENTE', 'oumayma');
insert into "user" ("email", "endDate", "firstName", "hireDate", "id", "lastName", "matricule", "password", "photo", "role", "status", "username") values ('adam.benabderrahim@wifakbank.com', '2026-02-15', 'adam', '2025-02-15', 69, 'benabderrahim', 'WB123462', '$2b$10$zu37HLtmmApDYTeSl2vNuOdw4Q4DvB5GCqE7VooSnV7JoUIC.7mtW', '/uploads/photos/1738051892462-525687243.PNG', 'DEVELOPPER', 'EN_ATTENTE', 'adem');
insert into "user" ("email", "endDate", "firstName", "hireDate", "id", "lastName", "matricule", "password", "photo", "role", "status", "username") values ('test@example.com', '2027-01-12', 'John', '2025-01-12', 71, 'Doe', 'WB123463', '$2b$10$oxx5YiaVtiD6KIdNmsw2ZeZv7d280bdwIkB7J5YF6pc.dY0ntEzeu', '/uploads/photos/1738051892462-525687243.PNG', 'ADMIN', 'EN_ATTENTE', 'testuser');
insert into "user" ("email", "endDate", "firstName", "hireDate", "id", "lastName", "matricule", "password", "photo", "role", "status", "username") values ('seif.Chouikhi@wifakbank.com', '2025-02-15', 'seif', '2022-01-15', 59, 'Chouikhi', 'WB123464', '$2b$10$.m8i7JMA0UwyHYoao/Z6e.9ftAzgNee5nHSe1337efUg12TwilSrC', '/uploads/photos/1737626264167-274299587.jpg', 'ADMIN', 'EN_ATTENTE', 'seif');
insert into "user" ("email", "endDate", "firstName", "hireDate", "id", "lastName", "matricule", "password", "photo", "role", "status", "username") values ('Syrine.Boughzela@wifakbank.com', '2025-01-11', 'Syrine', '2023-01-10', 61, 'Boughzela', 'WB123465', '$2b$10$3TA6E6Kt3oEjROs0Lpb/F.QrTiSVxI0opKae0V3VtCn1Rqglqt1ru', '/uploads/photos/1737626498570-60048096.jpg', 'DEVELOPPER', 'EN_ATTENTE', 'syrine');
insert into "user" ("email", "endDate", "firstName", "hireDate", "id", "lastName", "matricule", "password", "photo", "role", "status", "username") values ('wael.belali@gmail.com', '2026-01-15', 'wael', '2025-01-15', 65, 'benali', 'WB123458', '$2b$10$v7QPxkeUj8RBWbwWmULziO7kfRjlIQ2yZnBJFoKlILKG5vsTtfJiC', '/uploads/photos/1738017329626-368113282.jpg', 'DEVELOPPER', 'SUSPENDU', 'wael');

insert into "project" ("description", "estimatedEndDate", "etat", "id", "linkprojet", "name", "priorite", "status") values (' Modernisation complète du système bancaire existant, incluant la migration des données clients et transactions vers une nouvelle plateforme sécurisée et performante. Le projet visait à améliorer l''efficacité opérationnelle et l''expérience utilisateur', '2025-02-15', 'Projet existant', 47, '', 'Refonte et Migration du Système Bancaire', 'Haute', 'A faire');
insert into "project" ("description", "estimatedEndDate", "etat", "id", "linkprojet", "name", "priorite", "status") values ('Développement d''une application mobile pour permettre aux clients de gérer leurs comptes bancaires, effectuer des virements, consulter leur historique de transactions et recevoir des notifications en temps réel.', '2025-02-13', 'Projet existant', 48, '', 'WifakBank Mobile', 'Moyenne', 'A faire');
insert into "project" ("description", "estimatedEndDate", "etat", "id", "linkprojet", "name", "priorite", "status") values ('Création d''une plateforme web sécurisée pour la gestion des services bancaires en ligne, offrant des fonctionnalités comme le paiement de factures, les virements internationaux, et la consultation des relevés', '2025-02-07', 'Projet existant', 49, '', 'WifakNet', 'Moyenne', 'En cours');
insert into "project" ("description", "estimatedEndDate", "etat", "id", "linkprojet", "name", "priorite", "status") values ('Mise en place d''une solution innovante pour le traitement et la gestion des cartes bancaires magnétiques et à puce, incluant des protocoles de sécurité renforcés pour la protection des données des utilisateurs', '2025-02-01', 'Projet existant', 50, '', 'Solution Magnétique pour Cartes Bancaires', 'Faible', 'En cours');
insert into "project" ("description", "estimatedEndDate", "etat", "id", "linkprojet", "name", "priorite", "status") values ('Développement d''un outil interne pour les équipes de direction, permettant la planification stratégique, l’analyse des performances financières, et la prise de décision basée sur des indicateurs clés.', '2025-02-09', 'Projet existant', 51, '', 'GSB - Application de Gestion Stratégique Bancaire', 'Faible', 'Fini');
insert into "project" ("description", "estimatedEndDate", "etat", "id", "linkprojet", "name", "priorite", "status") values ('Conception d''une application pour la gestion proactive des risques bancaires, permettant de détecter les anomalies, évaluer les risques financiers et optimiser les processus de conformité réglementaire', '2025-02-08', 'Projet existant', 52, '', 'GRI - Application de Gestion des Risques', 'Moyenne', 'En cours');
insert into "project" ("description", "estimatedEndDate", "etat", "id", "linkprojet", "name", "priorite", "status") values ('Développement d''une application permettant la numérisation, la gestion et le traitement rapide des chèques bancaires, réduisant ainsi le temps de traitement et améliorant l''efficacité des opérations.', '2025-01-16', 'Projet existant', 53, '', 'TTN - Application pour les Chèques Bancaires', 'Moyenne', 'Fini');
insert into "project" ("description", "estimatedEndDate", "etat", "id", "linkprojet", "name", "priorite", "status") values ('Création d''une solution numérique permettant aux PME et startups de soumettre et gérer leurs plans d''affaires pour obtenir un financement bancaire, avec un suivi automatisé des dossiers et une interface client intuitive', '2025-02-03', 'Projet existant', 54, '', 'Plateforme de Plan d''Affaires (Business Plan)', 'Moyenne', 'A faire');
insert into "project" ("description", "estimatedEndDate", "etat", "id", "linkprojet", "name", "priorite", "status") values ('Développement d''une solution innovante pour la numérisation et la gestion des chèques bancaires. Cette application permet de scanner les chèques avec reconnaissance optique des caractères (OCR), d''assurer leur validation automatique, et de simplifier le suivi des dépôts. Intégrée avec le système bancaire, elle optimise les processus tout en garantissant la conformité réglementaire.', '2025-03-20', 'Projet existant', 55, '', 'Optikos', 'Moyenne', 'En cours');
insert into "project" ("description", "estimatedEndDate", "etat", "id", "linkprojet", "name", "priorite", "status") values ('Plateforme de vente en ligne', '2025-06-01', 'Projet existant', 58, 'https://github.com/ecommerce', 'E-commerce Platform', 'Haute', 'En cours');
insert into "project" ("description", "estimatedEndDate", "etat", "id", "linkprojet", "name", "priorite", "status") values ('hhh', '2025-02-20', 'Projet existant', 59, 'https://github.com/ademnsir/AndroidApp-AdemNsir4SIM1.git', 'aaa', 'Moyenne', 'Fini');
insert into "project" ("description", "estimatedEndDate", "etat", "id", "linkprojet", "name", "priorite", "status") values ('Description du projet', '2024-12-31', 'Projet existant', 1, NULL, 'Nouveau Projet', 'Moyenne', 'En cours');
insert into "project" ("description", "estimatedEndDate", "etat", "id", "linkprojet", "name", "priorite", "status") values ('aaaa', '2025-04-25', 'Projet existant', 3, '', 'John Shayn', 'Moyenne', 'A faire');
insert into "project" ("description", "estimatedEndDate", "etat", "id", "linkprojet", "name", "priorite", "status") values ('aa', '2025-05-03', 'Projet existant', 4, 'aa', 'Abdelmatine', 'Moyenne', 'Fini');

insert into "tache" ("creationDate", "customType", "description", "id", "priority", "projectId", "status", "title", "type", "userId") values ('2025-01-29 15:48:10.568931', '', 'Implémenter une fonctionnalité permettant de scanner et d’extraire les informations des chèques via OCR. ', 101, 'high', 55, 'In Progress', 'Développement du module de numérisation des chèques', 'Research', NULL);
insert into "tache" ("creationDate", "customType", "description", "id", "priority", "projectId", "status", "title", "type", "userId") values ('2025-01-29 15:48:53.462517', NULL, 'mplémenter des mesures de chiffrement et d''authentification pour garantir la confidentialité et l''intégrité des données. ', 103, 'high', 55, 'Done', 'Mise en place de protocoles de sécurité et conformité', 'Security', NULL);
insert into "tache" ("creationDate", "customType", "description", "id", "priority", "projectId", "status", "title", "type", "userId") values ('2025-01-29 15:40:13.765162', '', 'Implémenter un module permettant la lecture des cartes magnétiques et à puce. ', 82, 'high', 50, 'To Do', 'Développement du module de lecture de cartes', 'Bug', NULL);
insert into "tache" ("creationDate", "customType", "description", "id", "priority", "projectId", "status", "title", "type", "userId") values ('2025-01-30 14:49:59.68839', NULL, 'test', 105, 'high', 50, 'In Progress', 'test', 'Bug', NULL);
insert into "tache" ("creationDate", "customType", "description", "id", "priority", "projectId", "status", "title", "type", "userId") values ('2025-01-29 15:39:56.130482', '', 'Définir les protocoles de cryptage et d’authentification pour les cartes bancaires', 81, 'low', 50, 'To Do', 'Analyse des exigences de sécurité', 'Feature', NULL);
insert into "tache" ("creationDate", "customType", "description", "id", "priority", "projectId", "status", "title", "type", "userId") values ('2025-01-29 15:43:33.031968', NULL, 'Définir les fonctionnalités clés de l''application, y compris la détection des anomalies et l''évaluation des risques.', 88, 'high', 52, 'To Do', 'Analyse des exigences fonctionnelles', 'Performance', NULL);
insert into "tache" ("creationDate", "customType", "description", "id", "priority", "projectId", "status", "title", "type", "userId") values ('2025-01-29 15:47:54.97933', NULL, 'Identifier les fonctionnalités essentielles de l''application, notamment la reconnaissance optique des caractères (OCR) et la validation automatique des chèques. ', 100, 'high', 55, 'Done', 'Analyse des exigences fonctionnelles', 'Performance', NULL);
insert into "tache" ("creationDate", "customType", "description", "id", "priority", "projectId", "status", "title", "type", "userId") values ('2025-01-29 15:48:32.702609', NULL, 'Mettre en place des algorithmes pour vérifier la validité et l’authenticité des chèques avant traitement bancaire.', 102, 'low', 55, 'In Progress', 'Conception du moteur de validation automatique des chèques', 'Docs', NULL);
insert into "tache" ("creationDate", "customType", "description", "id", "priority", "projectId", "status", "title", "type", "userId") values ('2025-01-29 15:49:21.125024', NULL, 'Vérifier l’exactitude de la reconnaissance optique des caractères et optimiser les résultats.', 104, 'high', 55, 'In Progress', 'Tests de performance et validation des résultats OCR', 'Test', NULL);
insert into "tache" ("creationDate", "customType", "description", "id", "priority", "projectId", "status", "title", "type", "userId") values ('2025-01-29 15:47:05.861394', NULL, 'Créer des interfaces permettant la communication entre la nouvelle plateforme et les services bancaires tiers.', 99, 'low', 47, 'To Do', 'Développement des API pour l’intégration avec les systèmes existants', 'Bug', NULL);
insert into "tache" ("creationDate", "customType", "description", "id", "priority", "projectId", "status", "title", "type", "userId") values ('2025-01-29 15:40:34.503536', NULL, 'Vérifier la compatibilité de la solution avec les systèmes bancaires existants', 83, 'high', 50, 'In Progress', 'Tests d''intégration avec les banques partenaires', 'Security', NULL);
insert into "tache" ("creationDate", "customType", "description", "id", "priority", "projectId", "status", "title", "type", "userId") values ('2025-01-29 15:41:37.651435', NULL, 'Effectuer un audit pour s''assurer que la solution respecte les normes PCI-DSS.', 85, 'low', 50, 'In Progress', 'Audit de conformité PCI-DSS', 'Performance', NULL);
insert into "tache" ("creationDate", "customType", "description", "id", "priority", "projectId", "status", "title", "type", "userId") values ('2025-01-29 15:42:06.802361', NULL, 'Améliorer la vitesse et la fiabilité du module de lecture des cartes.', 86, 'high', 50, 'In Progress', 'Optimisation des performances de lecture', 'Test', NULL);
insert into "tache" ("creationDate", "customType", "description", "id", "priority", "projectId", "status", "title", "type", "userId") values ('2025-01-29 15:42:25.156945', NULL, 'Former les employés des banques partenaires à l''utilisation de la solution.', 87, 'high', 50, 'Done', 'Formation des équipes bancaires', 'Performance', NULL);
insert into "tache" ("creationDate", "customType", "description", "id", "priority", "projectId", "status", "title", "type", "userId") values ('2025-01-29 15:43:47.7401', NULL, 'Implémenter un algorithme d''analyse pour identifier les transactions suspectes en temps réel.', 89, 'high', 52, 'To Do', 'Développement du module de détection des anomalies', 'Research', NULL);
insert into "tache" ("creationDate", "customType", "description", "id", "priority", "projectId", "status", "title", "type", "userId") values ('2025-01-29 15:44:03.586701', NULL, 'Concevoir un tableau de bord interactif pour visualiser les risques financiers et prendre des décisions stratégiques.', 90, 'high', 52, 'To Do', 'Intégration d’un tableau de bord d’évaluation des risques', 'Docs', NULL);
insert into "tache" ("creationDate", "customType", "description", "id", "priority", "projectId", "status", "title", "type", "userId") values ('2025-01-29 15:44:22.51738', NULL, 'Configurer des notifications pour avertir les gestionnaires de risques en cas de dépassement de seuil critique. ', 91, 'low', 52, 'Done', 'Mise en place d’un système d’alertes automatisées', 'Bug', NULL);
insert into "tache" ("creationDate", "customType", "description", "id", "priority", "projectId", "status", "title", "type", "userId") values ('2025-01-29 15:44:44.286351', NULL, 'Vérifier que l’application respecte les normes bancaires et les régulations financières. ', 92, 'low', 52, 'In Progress', 'Tests de conformité réglementaire', 'Fix', NULL);
insert into "tache" ("creationDate", "customType", "description", "id", "priority", "projectId", "status", "title", "type", "userId") values ('2025-01-29 15:44:54.524525', NULL, 'Améliorer la précision et la rapidité du système d’évaluation des risques financiers.', 93, 'low', 52, 'In Progress', 'Optimisation des performances de l’algorithme d’évaluation des risques', 'Docs', NULL);
insert into "tache" ("creationDate", "customType", "description", "id", "priority", "projectId", "status", "title", "type", "userId") values ('2025-01-29 15:45:16.78924', NULL, 'Élaborer un guide utilisateur et organiser des sessions de formation pour les employés bancaires.', 94, 'high', 52, 'In Progress', 'Formation des utilisateurs et documentation', 'Refactor', NULL);
insert into "tache" ("creationDate", "customType", "description", "id", "priority", "projectId", "status", "title", "type", "userId") values ('2025-03-14 01:59:39.14713', NULL, 'test', 2, 'low', 50, 'Done', 'test', 'Bug', 61);
insert into "tache" ("creationDate", "customType", "description", "id", "priority", "projectId", "status", "title", "type", "userId") values ('2025-03-14 02:00:30.057263', NULL, 'test2', 3, 'low', 50, 'Done', 'test', 'Performance', 61);
insert into "tache" ("creationDate", "customType", "description", "id", "priority", "projectId", "status", "title", "type", "userId") values ('2025-03-14 02:04:13.372487', '', 'test2', 5, 'low', 50, 'In Progress', 'test2', 'Bug', 71);
insert into "tache" ("creationDate", "customType", "description", "id", "priority", "projectId", "status", "title", "type", "userId") values ('2025-01-29 15:46:06.663506', NULL, 'Identifier les besoins métier, les contraintes techniques et les objectifs de la refonte du système bancaire.', 95, 'high', 47, 'In Progress', 'Analyse des exigences et définition des objectifs', 'Test', NULL);
insert into "tache" ("creationDate", "customType", "description", "id", "priority", "projectId", "status", "title", "type", "userId") values ('2025-04-10 00:18:09.332819', NULL, 'a', 31, 'low', 47, 'Done', 'a', 'Bug', 71);
insert into "tache" ("creationDate", "customType", "description", "id", "priority", "projectId", "status", "title", "type", "userId") values ('2025-04-10 01:18:29.06151', NULL, 'aa', 33, 'high', 47, 'To Do', 'aa', 'Bug', 71);
insert into "tache" ("creationDate", "customType", "description", "id", "priority", "projectId", "status", "title", "type", "userId") values ('2025-04-10 01:23:32.326945', NULL, 'aa', 34, 'low', 47, 'To Do', 'aa', 'Bug', 71);
insert into "tache" ("creationDate", "customType", "description", "id", "priority", "projectId", "status", "title", "type", "userId") values ('2025-04-10 01:34:52.319052', NULL, 'a', 35, 'high', 47, 'Done', 'a', 'Performance', 71);
insert into "tache" ("creationDate", "customType", "description", "id", "priority", "projectId", "status", "title", "type", "userId") values ('2025-04-10 01:40:10.155902', NULL, 'a', 36, 'high', 47, 'Done', 'a', 'Bug', 71);
insert into "tache" ("creationDate", "customType", "description", "id", "priority", "projectId", "status", "title", "type", "userId") values ('2025-04-10 01:40:53.331398', NULL, 'a', 37, 'high', 47, 'Done', 'a', 'Security', 71);
insert into "tache" ("creationDate", "customType", "description", "id", "priority", "projectId", "status", "title", "type", "userId") values ('2025-04-10 01:58:03.402038', NULL, 'tache ', 39, 'high', 47, 'In Progress', 'Tache  periodique', 'Performance', 71);
insert into "tache" ("creationDate", "customType", "description", "id", "priority", "projectId", "status", "title", "type", "userId") values ('2025-04-10 02:12:36.339881', NULL, 'a', 41, 'low', 47, 'In Progress', 'aa', 'Bug', 71);
insert into "tache" ("creationDate", "customType", "description", "id", "priority", "projectId", "status", "title", "type", "userId") values ('2025-04-10 02:22:05.076182', NULL, 'Gestion de  projet', 42, 'low', 47, 'In Progress', 'projet  de fin d"etude', 'Bug', 71);
insert into "tache" ("creationDate", "customType", "description", "id", "priority", "projectId", "status", "title", "type", "userId") values ('2025-04-10 11:21:47.225521', NULL, 'a', 43, 'high', 47, 'Done', 'aa', 'Bug', 71);

insert into "livrable" ("description", "id", "label", "projectId", "type") values ('Développement d''une API REST sécurisée pour l''application, permettant la gestion des utilisateurs, l''authentification, les transactions et l''interaction avec la base de données. L''API est documentée et suit les bonnes pratiques en matière de scalabilité et de sécurité.', 1, 'API Backend', 47, 'backend');
insert into "livrable" ("description", "id", "label", "projectId", "type") values ('Conception d''une application pour la gestion proactive des risques bancaires, permettant de détecter les anomalies, évaluer les risques financiers et optimiser les processus de conformité réglementaire', 5, 'API Frontend', 52, 'frontend');

insert into "technologie" ("description", "id", "label", "language", "version") values ('Frontend famework', 4, 'Angular', 'TypeScript', '10.1.2');
insert into "technologie" ("description", "id", "label", "language", "version") values ('Backend framework', 1, 'next.js', 'TypeScript', '15.1.2');

insert into "livrable_technologies_technologie" ("livrableId", "technologieId") values (1, 1);
insert into "livrable_technologies_technologie" ("livrableId", "technologieId") values (5, 4);

insert into "environnement" ("Ptype", "componentType", "cpu", "id", "ipServeur", "logicielsInstalled", "motDePasse", "nomServeur", "nomUtilisateur", "port", "projectId", "ram", "stockage", "systemeExploitation", "type") values ('TELNET', 'BACKEND', 'Intel i5', 1, '192.168.1.1', 'nextJs,angular', 'mypassword', 'PROD', 'WB123463', 3020, 47, '32GO', '2TO SSD', 'Windows', 'TEST');
insert into "environnement" ("Ptype", "componentType", "cpu", "id", "ipServeur", "logicielsInstalled", "motDePasse", "nomServeur", "nomUtilisateur", "port", "projectId", "ram", "stockage", "systemeExploitation", "type") values ('TELNET', 'BACKEND', 'Intel i5', 2, '192.168.1.2', 'nextJs,angular', 'mypassword', 'PROD', 'WB123463', 3020, 47, '32GO', '2TO SSD', 'Windows', 'TEST');
insert into "environnement" ("Ptype", "componentType", "cpu", "id", "ipServeur", "logicielsInstalled", "motDePasse", "nomServeur", "nomUtilisateur", "port", "projectId", "ram", "stockage", "systemeExploitation", "type") values ('TELNET', 'BDD', 'Intel i5', 3, '192.168.1.3', 'nextJs,angular', 'mypassword', 'DEV', 'WB123463', 3020, 47, '32GO', '2TO SSD', 'Windows', 'PREPROD');
insert into "environnement" ("Ptype", "componentType", "cpu", "id", "ipServeur", "logicielsInstalled", "motDePasse", "nomServeur", "nomUtilisateur", "port", "projectId", "ram", "stockage", "systemeExploitation", "type") values ('TELNET', 'BDD', 'Intel i5', 4, '192.168.1.3', 'nextJs,angular', 'mypassword', 'DEV', 'WB123463', 3020, 52, '32GO', '2TO SSD', 'Windows', 'PREPROD');
insert into "environnement" ("Ptype", "componentType", "cpu", "id", "ipServeur", "logicielsInstalled", "motDePasse", "nomServeur", "nomUtilisateur", "port", "projectId", "ram", "stockage", "systemeExploitation", "type") values ('TELNET', 'BDD', 'Intel i5', 5, '192.168.1.3', 'nextJs,angular', 'mypassword', 'DEV', 'WB123463', 3020, 58, '32GO', '2TO SSD', 'Windows', 'PREPROD');
insert into "environnement" ("Ptype", "componentType", "cpu", "id", "ipServeur", "logicielsInstalled", "motDePasse", "nomServeur", "nomUtilisateur", "port", "projectId", "ram", "stockage", "systemeExploitation", "type") values ('TELNET', 'BDD', 'Intel i5', 6, '192.168.1.3', 'nextJs,angular', 'mypassword', 'DEV', 'WB123463', 3020, 51, '32GO', '2TO SSD', 'Windows', 'PREPROD');
insert into "environnement" ("Ptype", "componentType", "cpu", "id", "ipServeur", "logicielsInstalled", "motDePasse", "nomServeur", "nomUtilisateur", "port", "projectId", "ram", "stockage", "systemeExploitation", "type") values ('SSH', 'BDD', '', 7, '200.2.2.1', 'Docker,Node.js', 'mypassword', 'a', 'WB123463', 220, 49, '', '', 'a', 'DEV');
insert into "environnement" ("Ptype", "componentType", "cpu", "id", "ipServeur", "logicielsInstalled", "motDePasse", "nomServeur", "nomUtilisateur", "port", "projectId", "ram", "stockage", "systemeExploitation", "type") values ('TELNET', 'BACKEND', 'Intel i7', 8, '200.2.2.2', 'Docker,Node.js', 'mypassword', 'DEV', 'WB123463', 210, 4, '18GB', '500GB SSD', 'a', 'PROD');

insert into "conge" ("adresse", "createdAt", "dateReprise", "endDate", "firstName", "id", "interim1", "interim2", "lastName", "matricule", "responsable", "service", "startDate", "status", "telephone", "type", "updatedAt", "userId") values ('tunis', '2025-03-11 19:43:41.995687', '2025-03-14', '2025-03-13', 'Syrine', 1, 'seif chouikhi', 'oumayma darajji', 'Boughzela', 'WB123465', 'Mohamed Ben Nabhane Mellousse', 'DSI', '2025-03-12', 'REJECTED', '52040848', 'Congé', '2025-03-11 19:45:21.877224', 61);
insert into "conge" ("adresse", "createdAt", "dateReprise", "endDate", "firstName", "id", "interim1", "interim2", "lastName", "matricule", "responsable", "service", "startDate", "status", "telephone", "type", "updatedAt", "userId") values ('tunis', '2025-03-25 11:07:55.632085', '2025-03-28', '2025-03-27', 'John', 2, 'seif chouikhi', 'oumayma darajji', 'Doe', 'WB123463', 'Mohamed Ben Nabhane Mellousse', 'DSI', '2025-03-26', 'APPROVED', '52040848', 'Décès', '2025-04-09 00:50:15.852334', 71);
insert into "conge" ("adresse", "createdAt", "dateReprise", "endDate", "firstName", "id", "interim1", "interim2", "lastName", "matricule", "responsable", "service", "startDate", "status", "telephone", "type", "updatedAt", "userId") values ('tunis', '2025-03-25 11:10:24.041824', '2025-03-28', '2025-03-27', 'John', 3, 'seif chouikhi', 'oumayma darajji', 'Doe', 'WB123463', 'Mohamed Ben Nabhane Mellousse', 'DSI', '2025-03-26', 'APPROVED', '52040848', 'Congé', '2025-04-09 00:50:27.104831', 71);

insert into "checklist" ("frs", "id", "lienGitBackend", "lienGitFrontend", "projectId", "spec") values ('https://gitlab.com/wib-dev-team/stages/app-gestion-de-projets/gdp-backend.git', 1, '', '', 47, 'https://gitlab.com/wib-dev-team/stages/app-gestion-de-projets/gdp-backend.git');

insert into "tache_periodique" ("description", "id", "sendDate", "title") values ('Réunion hebdomadaire pour discuter de l''avancement des projets et des points bloquants.', 91, '2025-02-12 12:34:00', 'Réunion de coordination');

insert into "tache_periodique_users_user" ("tachePeriodiqueId", "userId") values (91, 65);
insert into "tache_periodique_users_user" ("tachePeriodiqueId", "userId") values (91, 66);
insert into "tache_periodique_users_user" ("tachePeriodiqueId", "userId") values (91, 68);

insert into "chat_session" ("createdAt", "id", "messages") values ('2025-03-20 15:27:33.413493', 1, '
User: hello
AI: Bonjour ! Comment puis-je vous aider aujourd''hui ?

User: hello
AI: Hello! How can I help you today?

User: what''s my name
AI: I''m sorry, I don''t know your name. I am a language model and have no memory of past conversations. You haven''t told me your name.
');
